Column,jsonElem
eaID,eaID
eaScale,eaScale
name,name
eaDescription,eaDescription
fieldName,fieldName
eaMetric,eaMetric
URL,url
eaDfsLink,eaDfsLink
eaLyrNum,eaLyrNum
eaMetadata,eaMetadata
eaBC,eaBC
eaCA,eaCA
eaCPW,eaCPW
eaCS,eaCS
eaFFM,eaFFM
eaNHM,eaNHM
eaRCA,eaRCA
eaPBS,eaPBS
eaTags,eaTags
eaBCSDD,eaBCSDD
eaTopic,eaTopic
tileLink,tileLink
tileURL,tileURL
serviceType,serviceType
popupDefinition,popupDefinition
numDecimal,numDecimal
IsSubLayer,IsSubLayer
SubLayerNames,SubLayerNames
SubLayerIds,SubLayerIds
sourceType,sourceType
cacheLevelNat,cacheLevelNat
categoryTab,categoryTab
drawSelectLayer,drawSelectLayer
DownloadSource,DownloadSource
areaGeog,areaGeog
hucNavStats,hucNavStats
hucNavStatsUnits,hucNavStatsUnits
agoID,agoID
UniqueTag,UniqueTag
HUBsearch,HUBsearch
ViewName,ViewName